timestamp(ms),Roll,Pitch,Yaw,Ax,Ay,Az,Gx,Gy,Gz,
"1739672297.044","5.55","-79.02",,,,,,,,
"1739672297.045",,,"244.37","0.013268","0.002605","0.003396","0.002102","0.001861","-0.001802",
"1739672297.066","6.75","-79.03","243.19","0.012048","0.003703","0.001809","-0.028433","0.001861","-0.047603",
"1739672297.088","5.81","-78.94","244.12","0.011071","-0.000203","0.002419","0.002102","0.047662","-0.047603",
"1739672297.109","4.62","-78.97","245.28","0.012658","-0.001912","0.002419","0.002102","0.032395","-0.017069",
"1739672297.131","4.01","-78.83","245.88","0.013146","-0.000325","0.003274","0.017369","0.047662","-0.001802",
"1739672297.152","5.18","-78.82","244.73","0.011803","0.003093",,,,,
"1739672297.153",,,,,,"0.002297","0.017369","0.001861","0.028732",
"1739672297.174","4.44","-78.95","245.46","0.008141","-0.000203","0.001321","0.002102","0.032395","0.013465",
"1739672297.195","3.25","-78.97",,,,,,,,
"1739672297.196",,,"246.62","0.010217","-0.002278","0.001931","0.017369","0.001861","-0.062871",
"1739672297.217","2.44","-79.11","247.42","0.013268","-0.002766","0.000222","-0.013165","0.001861","-0.017069",
"1739672297.239","3.48","-79.2","246.4","0.010949","0.002239","0.000955","-0.013165","-0.013407","0.028732",
"1739672297.26","4.64","-79.16","245.26","0.010827","0.004436","0.002541","-0.013165","0.001861","-0.032336",
"1739672297.282","5.82","-79.11","244.11","0.014123","0.00175","0.002908","0.047903","0.017128","-0.017069",
"1739672297.303","5.01","-79","244.9","0.010217","-0.001179","0.003152","0.017369",,,
"1739672297.304",,,,,,,,"0.001861","-0.032336",
"1739672297.325","6.06","-79.07","243.87","0.006921","0.000407","0.001199","0.017369","-0.028674","-0.032336",
"1739672297.347","6.56","-79.22","243.38","0.009606","0.000896","0.000344","-0.013165","-0.028674","-0.001802",
"1739672297.368","7.79","-79.22","242.17","0.011193","0.002239","0.001931","0.002102","0.017128","-0.017069",
"1739672297.39","8.61","-79.33","241.36","0.013146","0.000652","0.002175","0.002102","0.001861","0.028732",
"1739672297.411","8.68","-79.49","241.29","0.013146","0.000285","0.001321","-0.013165","-0.059208",,
"1739672297.412",,,,,,,,,"-0.017069",
"1739672297.433","9.83","-79.55","240.17","0.012414","0.001384","0.001809","0.032636","0.017128","0.013465",
"1739672297.454","10.53","-79.41","239.48","0.011071",,,,,,
"1739672297.455",,,,,"0.001628","0.00303","0.047903","0.001861","0.013465",
"1739672297.476","11.61","-79.31","238.42","0.013146","0.000896","0.002541","0.017369","0.017128","-0.032336",
"1739672297.497","10.4",,,,,,,,,
"1739672297.498",,"-79.31","239.61","0.012048","-0.000691","0.002419","0.032636","-0.013407","-0.017069",
"1739672297.519","10.33","-79.15","239.67","0.012536","0.00053","0.003274","0.032636","0.001861","-0.001802",
"1739672297.541","10.27","-79.32","239.73","0.010461","0.000285","0.001687","0.002102","-0.028674","-0.032336",
"1739672297.562","9.14","-79.28","240.84","0.010339","-0.00179","0.002663","0.047903","-0.013407","0.013465",
"1739672297.584","9.32","-79.12","240.66","0.011071","0.000652","0.002908","0.047903","0.017128","-0.017069",
"1739672297.605","8.29","-79.23","241.68","0.00985","-0.000203",,,,,
"1739672297.606",,,,,,"0.001687","0.017369","-0.059208","-0.017069",
"1739672297.627","8.43","-79.06","241.55","0.010217","0.000652","0.003152","0.017369","-0.013407","-0.017069",
"1739672297.648","8.36",,,,,,,,,
"1739672297.649",,"-79.23","241.62","0.011193","0.000041","0.000955","0.002102","0.017128","-0.047603",
"1739672297.67","8.01","-79.08","241.95","0.011437","-0.000081","0.00364","-0.013165","0.017128","-0.001802",
"1739672297.692","8.55","-79.22","241.43","0.010705","0.000407","0.001809","-0.013165","-0.043941","0.013465",
"1739672297.713","8.41","-79.07","241.56","0.011315","0.000285","0.004372","0.002102","-0.059208","-0.017069",
"1739672297.735","7.39","-79","242.57","0.012414","-0.000203","0.002663","0.002102","-0.013407","-0.001802",
"1739672297.756","7.47","-78.84","242.49","0.012658","0.00053",,,,,
"1739672297.757",,,,,,"0.003396","0.002102","0.032395","-0.032336",
"1739672297.778","7.48","-79","242.47","0.00924","0.000163","0.001199","0.002102","0.032395","-0.047603",
"1739672297.8","7.17","-79.17","242.78","0.012048","-0.000203","0.001321","0.002102","-0.013407","-0.017069",
"1739672297.821","8.05","-79.28","241.92","0.013879","0.002483","0.00071","0.017369","-0.028674","0.059267",
"1739672297.843","9.26","-79.25","240.73","0.011193","0.003703","0.002053","0.017369","0.001861","0.013465",
"1739672297.864","8.46","-79.15","241.52","0.010094","-0.001302","0.003396","0.032636","-0.013407",,
"1739672297.865",,,,,,,,,"-0.078138",
"1739672297.886","7.26","-79.19","242.69","0.014123","-0.002766","0.002541","-0.028433","-0.013407","-0.062871",
"1739672297.907","6.84","-79.35","243.11","0.011559",,,,,,
"1739672297.908",,,,,"-0.001179","-0.000144","0.017369","0.062929","-0.001802",
"1739672297.929","7.97","-79.42","242","0.008752","0.002361","0.000588","0.002102","0.017128","-0.017069",
"1739672297.951","8.52","-79.57","241.45","0.014001","0.001872","-0.000632","0.002102","0.017128","-0.017069",
"1739672297.972","8.48","-79.41","241.49","0.011803","0.000407","0.002908","-0.013165","0.047662","0.028732",
"1739672297.994","8.17","-79.25","241.79","0.007897","0.000041","0.002297","-0.013165","0.017128","0.013465",
"1739672298.015","7.16","-79.19","242.79","0.011071","-0.002278","0.003396",,,,
"1739672298.016",,,,,,,"0.002102","-0.013407","-0.017069",
"1739672298.037","6.49","-79.34","243.45","0.010461","-0.001424","0.000344","0.017369","0.001861","-0.001802",
"1739672298.058","7.72","-79.35","242.23",,,,,,,
"1739672298.059",,,,"0.007165","0.002361","0.000955","0.017369","-0.013407","-0.001802",
"1739672298.08","8.96","-79.37","241.02","0.00863","0.001628","0.001321","0.002102","-0.059208","-0.062871",
"1739672298.102","9.06","-79.2","240.92","0.011193","0.000652","0.003274","0.002102","0.001861","-0.032336",
"1739672298.123","9.49","-79.04","240.5","0.010339","0.000652","0.002419","0.017369","0.032395","-0.062871",
"1739672298.145","10.41","-79.14","239.59","0.012048","0.002239","0.00071","0.032636","0.017128","-0.047603",
"1739672298.166","11.6","-79.11","238.42","0.011681","0.005046","0.002053","0.017369","0.032395",,
"1739672298.167",,,,,,,,,"0.028732",
"1739672298.188","11.71","-78.96","238.32","0.004113","0.001018","0.003274","-0.013165","-0.028674","-0.017069",
"1739672298.209","10.71","-78.91","239.3",,,,,,,
"1739672298.21",,,,"0.009118","-0.002156","0.00303","-0.013165","-0.013407","-0.062871",
"1739672298.231","9.55","-78.93","240.44","0.01278","-0.003377","0.002663","0.017369","0.001861","0.013465",
"1739672298.253","10.48","-79.03","239.53","0.009606","0.00175","0.00071","0.002102","0.001861","0.028732",
"1739672298.274","11.54","-78.95","238.49","0.011681","0.005046","0.003152","0.017369","0.047662","-0.047603",
"1739672298.296","12.29","-78.81","237.75","0.012658","0.002849","0.003884","0.002102","0.001861","-0.017069",
"1739672298.317","11.8","-78.68","238.23","0.007653","-0.000935","0.004372","-0.0437","0.017128","0.044",
"1739672298.339","10.68","-78.75","239.33","0.008874","-0.002766","0.001443","-0.028433","0.001861","0.013465",
"1739672298.36","10.11","-78.62",,,,,,,,
"1739672298.361",,,"239.89","0.011559","-0.000081","0.003152","0.017369","0.001861","-0.001802",
"1739672298.382","11.27","-78.6","238.75","0.014977","0.001994","0.002786","-0.013165","0.017128","-0.047603",
"1739672298.404","12.38","-78.63","237.66","0.012292","0.002239","0.001809","-0.013165","0.001861","-0.017069",
"1739672298.425","12.07","-78.48","237.97","0.011315","0.000041","0.004617","-0.013165","0.032395","-0.032336",
"1739672298.447","11.04","-78.45","238.97","0.012414","-0.0024","0.00364","0.017369","-0.013407","-0.017069",
"1739672298.468","9.94","-78.51","240.05","0.01217",,,,,,
"1739672298.469",,,,,"-0.001057","0.002297","0.032636","-0.043941","-0.047603",
"1739672298.49","11.04","-78.45","238.98","0.009972","0.000896","0.002053","0.017369","0.001861","0.013465",
"1739672298.511","10.81","-78.3",,,,,,,,
"1739672298.512",,,"239.2","0.00924","0.000041","0.005105","0.002102","-0.013407","0.028732",
"1739672298.533","9.75","-78.29","240.24","0.00985","-0.00301","0.002786","-0.013165","0.017128","-0.032336",
"1739672298.555","8.88","-78.21","241.09","0.011193","-0.002034","0.003884","0.002102","-0.028674","-0.001802",
"1739672298.576","8.48","-78.37","241.48","0.012048","-0.000081","0.001809","0.017369",,,
"1739672298.577",,,,,,,,"0.001861","-0.001802",
"1739672298.598","9.56","-78.42","240.42","0.011071","0.002483","0.001443","0.002102","0.017128","-0.017069",
"1739672298.619","10.64","-78.46","239.37","0.011071","0.001506",,,,,
"1739672298.62",,,,,,"0.001809","0.002102","0.001861","0.013465",
"1739672298.641","10.43","-78.62","239.57","0.010339","0.000163","0.001565","0.002102","-0.013407","-0.001802",
"1739672298.662","9.36",,,,,,,,,
"1739672298.663",,"-78.6","240.62","0.009606","-0.001668","0.002541","-0.0437","0.017128","-0.017069",
"1739672298.684","8.91","-78.76","241.06","0.007653","-0.000447","0.000588","0.017369","0.001861","-0.001802",
"1739672298.706","7.75","-78.79","242.2","0.011071","-0.000081","0.002175","-0.028433","-0.043941","-0.001802",
"1739672298.727","8.82","-78.85","241.15","0.012658","0.002116","0.001687","0.017369","-0.043941","0.013465",
"1739672298.749","9.96","-78.89","240.03","0.00985","0.001994","0.001321","0.002102","-0.043941","0.013465",
"1739672298.77","9.76",,,,,,,,,
"1739672298.771",,"-79.06","240.22","0.011071","-0.000203","0.00071","0.032636","-0.013407","-0.017069",
"1739672298.792","8.7","-79.16","241.27","0.012292","-0.001302","0.001809","0.047903","0.001861","0.013465",
"1739672298.813","7.69",,,,,,,,,
"1739672298.814",,"-79.09","242.26","0.00985","-0.001179","0.002663","0.002102","-0.028674","0.028732",
"1739672298.835","8.6","-78.97","241.36","0.010094","0.001018","0.002297","-0.013165","-0.013407","0.013465",
"1739672298.857","9.46","-78.86","240.52","0.010827","0.002361","0.003152","0.002102","-0.013407","-0.047603",
"1739672298.878","10.37","-78.74","239.63","0.01217","0.002483","0.003274","0.002102","0.001861","-0.017069",
"1739672298.9","9.47","-78.66","240.51","0.010705","-0.000935","0.00303","-0.013165","0.001861","-0.032336",
"1739672298.921","8.62","-78.79","241.35","0.010827",,,,,,
"1739672298.922",,,,,"-0.000691","0.001565","0.047903","-0.028674","-0.047603",
"1739672298.943","9.52","-78.89","240.46","0.01217","0.001384","0.001565","0.017369","-0.013407","-0.062871",
"1739672298.964","10.38",,,,,,,,,
"1739672298.965",,"-78.99","239.62","0.011071","0.001628","0.000955","0.032636","0.017128","-0.032336",
"1739672298.986","11.42","-78.89","238.6","0.009728","0.001506","0.002175","-0.013165","0.032395","-0.032336",
"1739672299.008","12.6","-78.89","237.44","0.011559","0.001994","0.001931","0.002102","-0.028674","-0.017069",
"1739672299.029","12.92","-79.05","237.13","0.011559","0.000774","0.0001","-0.013165","-0.028674","-0.001802",
"1739672299.051","11.74","-79.09","238.29","0.010094","-0.001057","0.001931","0.017369","-0.028674","-0.047603",
"1739672299.072","12.02","-79.25","238.01",,,,,,,
"1739672299.073",,,,"0.012292","0.000652","0.000588","0.06317","0.017128","-0.047603",
"1739672299.094","13.08","-79.32","236.97","0.011315","0.00114","0.001687","0.002102","0.001861","-0.032336",
"1739672299.116","13.44","-79.16","236.61","0.010705","0.001384","0.003274","0.047903","0.017128","-0.062871",
"1739672299.137","14.23","-79.27","235.84","0.010949","0.000774","0.001687","0.002102","-0.013407","-0.017069",
"1739672299.159","15.39","-79.19","234.7","0.00985","0.001994","0.001931","0.002102","0.001861","-0.047603",
"1739672299.18","16.23","-79.29","233.87","0.01278","0.001628","0.001199","0.002102",,,
"1739672299.181",,,,,,,,"-0.013407","-0.047603",
"1739672299.202","15.65","-79.46","234.45","0.010705","-0.000691","0.000832","0.047903","0.032395","-0.032336",
"1739672299.223","14.44","-79.5","235.64",,,,,,,
"1739672299.224",,,,"0.010461","-0.001546","0.002053","0.032636","-0.013407","-0.032336",
"1739672299.245","13.48","-79.63","236.58","0.011193","0.000041","0.001809","0.017369","-0.028674","-0.017069",
"1739672299.267","13.6","-79.46","236.46","0.009972","0.000774","0.002663","0.002102","0.017128","0.028732",
"1739672299.288","13.93","-79.3","236.14","0.011437","0.000652","0.002297","0.032636","-0.013407","-0.017069",
"1739672299.31","14.07","-79.13","236.01","0.011437","0.000652","0.002419","0.032636","-0.013407","-0.032336",
"1739672299.331","12.91","-79.2","237.14","0.010949","-0.001057","0.001931","-0.013165","0.017128",,
"1739672299.332",,,,,,,,,"-0.062871",
"1739672299.353","12.95","-79.36","237.11","0.011071","0.000285","0.001077","0.032636","-0.028674","-0.017069",
"1739672299.374","12.72","-79.54","237.33",,,,,,,
"1739672299.375",,,,"0.010339","-0.000325","0.000344","0.017369","0.001861","-0.017069",
"1739672299.396","13.36","-79.67","236.7","0.010339","0.000774","0.001199","-0.028433","-0.013407","0.028732",
"1739672299.418","12.27","-79.61","237.78","0.011193","-0.000325","0.002419","0.002102","-0.013407","-0.001802",
"1739672299.439","12.21","-79.79","237.83","0.012658","-0.000203","-0.000266","0.032636","0.047662","-0.017069",
"1739672299.461","13.19","-79.66","236.87","0.00985","0.00114","0.002053","0.017369","0.017128","0.013465",
"1739672299.482","14","-79.78","236.08","0.009484","0.000774","0.001199","0.017369","0.017128",,
"1739672299.483",,,,,,,,,"0.044",
"1739672299.504","13.28","-79.93","236.78","0.011803","-0.000447","0.001321","0.017369","-0.043941","0.028732",
"1739672299.525","12.08",,,,,,,,,
"1739672299.526",,"-80.03","237.96","0.01339","-0.0024","0.001687","0.002102","-0.028674","0.028732",
"1739672299.547","11.57","-80.19","238.46","0.010217","-0.000569","0.000588","-0.028433","0.001861","0.044",
"1739672299.569","12.17","-80.04","237.87","0.010461","0.001384","0.002786","0.002102","0.001861","-0.032336",
"1739672299.59","12.67","-79.88","237.38","0.010094","0.001628","0.003152","0.002102","-0.013407","-0.001802",
"1739672299.612","13.89","-79.81","236.18","0.00863","0.002483","0.001687","-0.028433","0.047662","-0.001802",
"1739672299.633","14.43","-79.96","235.65","0.00985","0.000896","0.000344","0.017369",,,
"1739672299.634",,,,,,,,"0.017128","0.044",
"1739672299.655","14.16","-80.13","235.91","0.011681","-0.000203","0.00071","-0.013165","-0.013407","0.028732",
"1739672299.676","12.88",,,,,,,,,
"1739672299.677",,"-80.2","237.17","0.013268","-0.000203","0.002175","0.032636","-0.028674","0.013465",
"1739672299.698","13.1","-80.36","236.96","0.010827","0.000407","0.00071","0.002102","-0.028674","-0.001802",
"1739672299.72","13.86","-80.22","236.21","0.01217","0.001018","0.002419","-0.028433","-0.028674","-0.001802",
"1739672299.741","14.57","-80.35","235.5","0.012048","0.00114","0.000832","-0.0437","-0.013407","-0.001802",
"1739672299.763","14.8","-80.18","235.29","0.009728","0.000774","0.002297","0.032636","0.001861","-0.017069",
"1739672299.784","14.95",,,,,,,,,
"1739672299.785",,"-80.01","235.13","0.009362","0.000896","0.002663","0.002102","0.001861","-0.017069",
"1739672299.806","14.96","-79.85","235.12","0.011437","0.000652","0.002419","-0.013165","-0.028674","-0.017069",
"1739672299.827","14.72",,,,,,,,,
"1739672299.828",,"-79.7","235.36","0.014245","0.000652","0.003396","0.017369","-0.043941","0.044",
"1739672299.849","15.65","-79.79","234.45","0.013268","0.000896","0.002053","0.032636","-0.028674","0.013465",
"1739672299.871","16.77","-79.69","233.34","0.010949","0.001994","0.002175","0.002102","0.001861","-0.017069",
"1739672299.892","17.86","-79.58","232.28","0.009728","0.002239","0.002053","0.017369","0.001861","-0.017069",
"1739672299.914","17.12","-79.47","233","0.009484","0.000285","0.002053","0.017369","0.047662","-0.017069",
"1739672299.935","16.04","-79.58","234.06","0.010094","-0.001302","0.001321","-0.013165",,,
"1739672299.936",,,,,,,,"0.032395","0.013465",
"1739672299.957","14.98","-79.7","235.11","0.009118","-0.001302","0.001077","0.002102","-0.043941","0.013465",
"1739672299.978","13.76",,,,,,,,,
"1739672299.979",,"-79.78","236.31","0.01339","-0.00179","0.002175","0.002102","-0.028674","-0.032336",
"1739672300","12.5","-79.82","237.55","0.015832","-0.000203","0.002786","0.017369","0.017128","-0.017069",
"1739672300.022","13.76","-79.77","236.31","0.013024","0.00175","0.002297","0.017369","0.017128","-0.047603",
"1739672300.043","12.99","-79.65","237.06","0.010461","0.000285","0.002053","0.002102","-0.013407","-0.047603",
"1739672300.065","11.93","-79.77","238.11","0.00924","-0.000569","0.001321","0.002102","0.032395","-0.062871",
"1739672300.086","11.36","-79.93","238.67","0.012048","-0.000203",,,,,
"1739672300.087",,,,,,"0.001443","-0.013165","0.001861","-0.047603",
"1739672300.108","11.27","-79.77","238.75","0.010705","0.000407","0.002175","0.017369","-0.028674","-0.017069",
"1739672300.13","12.43","-79.82","237.61","0.011926","0.002361","0.001077","0.032636","0.001861","0.028732",
"1739672300.151","11.68","-79.98","238.35","0.011193","-0.000569","0.001199","0.017369","0.001861","-0.032336",
"1739672300.173","11.23","-79.83","238.8","0.011437","0.000163","0.002786","0.002102","-0.028674","-0.001802",
"1739672300.194","10.71","-80","239.31","0.010827","-0.000813","0.000466","-0.013165","-0.013407","-0.017069",
"1739672300.216","9.79","-79.9","240.22","0.009118","-0.000813","0.002541","0.032636","0.017128","-0.062871",
"1739672300.237","9.06","-79.78","240.94","0.011071","0.000163",,,,,
"1739672300.238",,,,,,"0.002175","-0.013165","0.001861","-0.062871",
"1739672300.259","10.16","-79.86","239.85","0.010705","0.002239","0.00071","-0.028433","0.017128","-0.001802",
"1739672300.28","11.35",,,,,,,,,
"1739672300.281",,"-79.78","238.68","0.010705","0.002971","0.002297","0.002102","-0.028674","0.028732",
"1739672300.302","10.79","-79.65","239.23","0.010827","-0.000081","0.002908","0.017369","-0.043941","-0.017069",
"1739672300.324","9.66","-79.61","240.34","0.01217","-0.001912","0.003152","-0.013165","-0.043941","-0.001802",
"1739672300.345","8.41","-79.62","241.57","0.011559","-0.000691","0.002175","-0.013165","-0.013407","-0.062871",
"1739672300.367","7.37","-79.55","242.6","0.009484","-0.000325","0.002053","0.002102","0.032395","-0.032336",
"1739672300.388","7.34","-79.71","242.62","0.011315",,,,,,
"1739672300.389",,,,,"0.000163","0.001443","0.032636","0.017128","-0.093405",
"1739672300.41","7.3","-79.88","242.67","0.011071","-0.000081","0.0001","0.032636","0.001861","-0.017069",
"1739672300.431","8.5",,,,,,,,,
"1739672300.432",,"-79.94","241.48","0.010705","0.001872","0.001199","0.032636","0.047662","0.013465",
"1739672300.453","9.7","-79.86","240.31","0.011803","0.002116","0.002419","0.047903","0.017128","0.013465",
"1739672300.475","10.46","-79.99","239.55","0.014001","0.001262","0.001321","0.017369","0.017128","-0.017069",
"1739672300.496","9.22","-80.06","240.78","0.013268","-0.00179","0.001931","-0.028433","0.001861","-0.017069",
"1739672300.518","8.97","-79.91","241.02","0.011681","0.000163","0.003396","0.017369","0.017128","-0.078138",
"1739672300.539","7.81","-80","242.17","0.012414",,,,,,
"1739672300.54",,,,,"-0.000935","0.001809","0.002102","0.032395","-0.047603",
"1739672300.561","7.53","-79.84","242.44","0.010217","0.000163","0.002297","-0.013165","0.017128","0.028732",
"1739672300.583","7.87","-79.69","242.11","0.009728","0.001262","0.00364","-0.028433","0.001861","-0.017069",
"1739672300.604","9.02","-79.6","240.98","0.010705","0.000774","0.002053","-0.013165","0.001861","0.013465",
"1739672300.626","8.28","-79.49","241.7","0.011926","-0.000569","0.003274","-0.028433","0.017128","-0.001802",
"1739672300.647","7.77","-79.35","242.2","0.014367","-0.000203","0.003884",,,,
"1739672300.648",,,,,,,"0.002102","-0.013407","0.013465",
"1739672300.669","7.18","-79.5","242.78","0.012048","-0.001057","0.00071","0.002102","-0.028674","0.013465",
"1739672300.69","7.72","-79.36",,,,,,,,
"1739672300.691",,,"242.25","0.011803","0.001994","0.004128","0.002102","0.017128","0.013465",
"1739672300.712","8.83","-79.28","241.16","0.013635","0.002971","0.003152","0.002102","0.017128","-0.032336",
"1739672300.734","9.83","-79.36","240.18","0.01217","0.001384","0.001565","0.002102","0.001861","-0.017069",
"1739672300.755","9.39","-79.53","240.6","0.010461","-0.000691","0.000466","0.017369","-0.013407","-0.017069",
"1739672300.777","8.55","-79.67","241.43","0.010705","-0.000447","0.001443","0.002102","0.001861","-0.017069",
"1739672300.798","9.06","-79.51","240.94","0.012902","0.001506","0.003762","0.032636","-0.028674","-0.032336",
"1739672300.82","9.66","-79.37","240.34","0.00924","0.00114","0.002541","-0.013165","-0.028674","-0.017069",
"1739672300.841","10.82","-79.41","239.2","0.00924",,,,,,
"1739672300.842",,,,,"0.001262","0.001321","-0.013165","0.001861","-0.017069",
"1739672300.863","9.78","-79.52","240.23","0.011681","-0.000203","0.001931","-0.013165","0.001861","-0.032336",
"1739672300.885","11.01","-79.47","239.01","0.008508","0.00114","0.001565","0.017369","-0.013407","-0.017069",
"1739672300.906","10.68","-79.33","239.34","0.007897","-0.000081","0.003152","0.002102","-0.013407","-0.047603",
"1739672300.928","10.82","-79.17","239.2","0.009362","0.00114","0.004006","0.032636","0.017128","-0.047603",
"1739672300.949","12.02","-79.18","238.03","0.00924","0.001018","0.001565","0.017369","0.001861","-0.047603",
"1739672300.971","11.22","-79.32","238.81","0.012048","0.000163","0.002053","0.017369","0.017128","-0.001802",
"1739672300.992","10.49","-79.2",,,,,,,,
"1739672300.993",,,"239.53","0.012658","-0.000691","0.003762","0.06317","0.017128","-0.017069",
"1739672301.014","11.38","-79.08","238.66","0.01278","0.001994","0.003152","0.047903","0.001861","-0.047603",
"1739672301.036","10.92","-78.94","239.11","0.010827","-0.000325","0.004006","0.06317","0.017128","-0.001802",
"1739672301.057","9.77","-79","240.24","0.01278","0.000041","0.002419","0.017369",,,
"1739672301.058",,,,,,,,"-0.059208","-0.001802",
"1739672301.079","8.71","-79.1","241.28","0.010705","-0.000447","0.001809","0.002102","0.032395","-0.017069",
"1739672301.1","9.85","-79.03","240.16","0.010705","0.002483","0.002297",,,,
"1739672301.101",,,,,,,"0.002102","0.001861","0.044",
"1739672301.122","10.72","-79.14","239.31","0.011193","0.001872","0.00071","-0.013165","0.001861","0.028732",
"1739672301.143","10.31","-79.31","239.71",,,,,,,
"1739672301.144",,,,"0.010827","-0.000935","0.0001","-0.013165","0.032395","0.013465",
"1739672301.165","9.42","-79.45","240.58","0.010583","-0.002766","0.0001","0.002102","-0.028674","-0.032336",
"1739672301.187","8.19","-79.49","241.79","0.011926","-0.000081","0.002175","0.032636","-0.028674","-0.032336",
"1739672301.208","8.56","-79.65","241.43","0.009606","0.00053","0.00071","0.032636","-0.013407","-0.001802",
"1739672301.23","9.27","-79.78","240.73","0.009728","0.00114","0.000466","0.032636","-0.013407","0.013465",
"1739672301.251","9.67","-79.93","240.34","0.011193","0.000407","0.001687","0.017369","0.001861",,
"1739672301.252",,,,,,,,,"0.028732",
"1739672301.273","8.55","-79.87","241.44","0.009362","-0.001302","0.002419","0.017369","0.001861","0.013465",
"1739672301.294","8.34","-79.72",,,,,,,,
"1739672301.295",,,"241.64","0.008752","0.000041","0.00364","0.017369","-0.028674","-0.017069",
"1739672301.316","8.57","-79.56","241.42","0.008996","0.00114","0.003762","0.002102","0.001861","0.013465",
"1739672301.338","9.41","-79.44","240.6","0.008874","0.00114","0.002175","0.06317","-0.043941","-0.001802",
"1739672301.359","8.5","-79.34","241.49","0.010339","-0.000325","0.002419","0.002102","-0.028674","-0.017069",
"1739672301.381","7.93","-79.5","242.05","0.011071","-0.001668","-0.000266","0.017369","-0.013407","-0.001802",
"1739672301.402","7.77","-79.34","242.21","0.01217","0.000285","0.002786",,,,
"1739672301.403",,,,,,,"0.002102","0.001861","-0.017069",
"1739672301.424","8.79","-79.25","241.2","0.010094","0.002116","0.002541","0.017369","-0.013407","-0.032336",
"1739672301.445","9.57","-79.37","240.44",,,,,,,
"1739672301.446",,,,"0.010827","0.001506","0.000588","0.002102","-0.013407","-0.032336",
"1739672301.467","9.04","-79.23","240.96","0.009484","0.000041","0.002297","-0.028433","0.032395","-0.001802",
"1739672301.489","8.5","-79.1","241.49","0.008508","-0.000447","0.002908","0.002102","-0.013407","-0.017069",
"1739672301.51","8.46","-78.94","241.53","0.010217","0.000407","0.003152","0.032636","-0.013407","-0.001802",
"1739672301.532","8.11","-78.79","241.88","0.011559","0.000041","0.003274","-0.013165","0.017128","0.013465",
"1739672301.553","8.27","-78.63","241.72","0.010705","0.000652","0.003152","0.032636","0.017128","-0.032336",
"1739672301.575","7.11","-78.65","242.86","0.011437","-0.000203","0.002297","0.032636","0.032395","0.013465",
"1739672301.596","6.05",,,,,,,,,
"1739672301.597",,"-78.6","243.9","0.010949","-0.001912","0.002908","0.017369","0.001861","-0.017069",
"1739672301.618","4.89","-78.62","245.03","0.010827","-0.000447","0.002175","-0.013165","0.017128","-0.017069",
"1739672301.64","4.9","-78.46","245.02","0.008752","0.000285","0.003274","0.002102","0.032395","-0.017069",
"1739672301.661","5.1","-78.3","244.83","0.01217","0.000652","0.003762","-0.013165","-0.043941","-0.032336",
"1739672301.683","5.24","-78.47","244.69","0.009728","0.000285","0.000466","0.002102","-0.013407","-0.001802",
"1739672301.704","5.47","-78.63","244.47","0.010217",,,,,,
"1739672301.705",,,,,"0.000407","0.000832","-0.028433","0.001861","-0.032336",
"1739672301.726","4.37","-78.7","245.55","0.01217","-0.000447","0.002297","0.002102","-0.028674","-0.017069",
"1739672301.747","4.76",,,,,,,,,
"1739672301.748",,"-78.85","245.16","0.012414","0.000407","0.001931","0.002102","-0.028674","0.013465",
"1739672301.769","5.95","-78.84","243.99","0.010094","0.000896","0.001931","0.002102","-0.013407","-0.032336",
"1739672301.791","6.24","-79","243.7","0.012536","0.000652","0.00071","-0.013165","0.017128","-0.032336",
"1739672301.812","6.69","-79.16","243.27","0.012902","0.001262","-0.000022","0.002102","-0.043941","0.013465",
"1739672301.834","6.15","-79.02","243.79","0.00985","-0.000081","0.002419","0.002102","-0.013407","0.013465",
"1739672301.855","5.39","-79.16","244.54","0.010705","-0.000569",,,,,
"1739672301.856",,,,,,"0.001443","0.017369","0.001861","-0.032336",
"1739672301.877","4.68","-79.3","245.24","0.008508","-0.000447","0.001077","-0.013165","-0.013407","-0.032336",
"1739672301.899","3.76","-79.42","246.15","0.007653","-0.001057","0.00071","0.002102","-0.028674","-0.032336",
"1739672301.92","3.89","-79.59","246.01","0.010339","0.000285","-0.000144","0.017369","-0.028674","-0.001802",
"1739672301.942","4.93","-79.68","244.99","0.012414","0.00053","0.002053","0.047903","-0.013407","-0.001802",
"1739672301.963","4.27","-79.55","245.64","0.010827","-0.000447","0.002786","0.047903",,,
"1739672301.964",,,,,,,,"-0.028674","-0.001802",
"1739672301.985","3.07","-79.61","246.82","0.00863","-0.001057","0.001321","0.002102","-0.059208","-0.032336",
"1739672302.006","2.54","-79.47","247.35","0.009972","-0.000569",,,,,
"1739672302.007",,,,,,"0.002908","0.06317","-0.013407","-0.032336",
"1739672302.028","3.72","-79.42","246.18","0.011681","0.001384","0.002419","0.017369","-0.013407","-0.017069",
"1739672302.049","4.84",,,,,,,,,
"1739672302.05",,"-79.35","245.09","0.008752","0.00114","0.001931","0.032636","-0.013407","-0.017069",
"1739672302.071","6.08","-79.34","243.87","0.010217","0.001506","0.001809","0.032636","-0.013407","-0.017069",
"1739672302.093","5.48","-79.5","244.46","0.008996","-0.000569","0.000832","0.032636","-0.013407","-0.001802",
"1739672302.114","5.73","-79.66","244.22","0.010583","0.000407","0.00071","0.002102","0.001861","0.044",
"1739672302.136","4.46","-79.66","245.46","0.009118","-0.000203","0.001687","0.017369","-0.043941","-0.032336",
"1739672302.157","4.58","-79.5","245.34","0.011559","0.000285","0.002663",,,,
"1739672302.158",,,,,,,"-0.028433","-0.028674","0.013465",
"1739672302.179","4.15","-79.35","245.76","0.011559","-0.000325","0.003274","0.017369","-0.043941","-0.017069",
"1739672302.2","3.46",,,,,,,,,
"1739672302.201",,"-79.5","246.44","0.010949","-0.000935","0.000955","0.017369","0.001861","-0.032336",
"1739672302.222","3.32","-79.66","246.58","0.008996","-0.000081","0.000832","0.002102","-0.013407","-0.032336",
"1739672302.244","4.48","-79.59","245.44","0.007409","0.000407","0.001443","-0.013165","-0.013407","-0.032336",
"1739672302.265","5.57","-79.5","244.37","0.012292","0.001384","0.002663","-0.013165","0.017128","-0.001802",
"1739672302.287","4.79","-79.38","245.14","0.010339","-0.000081","0.002175","0.017369","0.017128","-0.047603",
"1739672302.308","4.88","-79.55","245.05","0.010339",,,,,,
"1739672302.309",,,,,"0.000163","0.001809","0.047903","0.001861","-0.017069",
"1739672302.33","3.86","-79.65","246.05","0.010461","-0.000569","0.001565","0.047903","0.001861","-0.032336",
"1739672302.352","3.6","-79.5","246.31","0.00924","-0.000203","0.00303","0.017369","-0.013407","-0.032336",
"1739672302.373","3.45","-79.34","246.46","0.010705","-0.000081","0.003762","0.06317","0.001861","0.013465",
"1739672302.395","4.13","-79.48","245.79","0.010949","0.001872","-0.000266","0.002102","-0.028674","-0.001802",
"1739672302.416","3.75","-79.65","246.17","0.009362","-0.000569","0.000344","0.032636","-0.028674",,
"1739672302.417",,,,,,,,,"-0.017069",
"1739672302.438","2.58","-79.73","247.31","0.010461","-0.001668","0.001321","0.002102","-0.013407","-0.001802",
"1739672302.459","1.63","-79.84","248.25","0.010583","-0.000081","0.001809",,,,
"1739672302.46",,,,,,,"-0.028433","-0.028674","-0.017069",
"1739672302.481","2.26","-79.99","247.63","0.010217","0.000407","0.001321","-0.013165","-0.013407","-0.017069",
"1739672302.503","2.21","-80.16","247.68","0.013879","-0.000081","0.000588","-0.013165","0.001861","-0.062871",
"1739672302.524","2.18","-80.32","247.71","0.014611","-0.000081","-0.000022","-0.013165","0.032395","-0.017069",
"1739672302.546","2.2","-80.49","247.68","0.012048","0.000041","0.000466","-0.013165","0.001861","-0.062871",
"1739672302.567","3.11","-80.62","246.79","0.011803","0.000774","0.001321",,,,
"1739672302.568",,,,,,,"-0.028433","0.001861","-0.047603",
"1739672302.589","3.33","-80.78","246.57","0.011437","0.000407","-0.000144","-0.0437","-0.013407","-0.047603",
"1739672302.61","4.75","-80.81","245.17","0.012536",,,,,,
"1739672302.611",,,,,"0.001384","0.001809","-0.028433","-0.013407","-0.047603",
"1739672302.632","5.91","-80.71","244.02","0.010094","0.00175","0.002297","-0.013165","0.017128","-0.001802",
"1739672302.654","6.04","-80.55","243.89","0.00924","0.000285","0.002053","0.002102","-0.028674","-0.017069",
"1739672302.675","7.31","-80.61","242.64","0.007287","0.001262","0.00071","-0.028433","0.001861","0.013465",
"1739672302.697","6.75","-80.47","243.19","0.006799","-0.000325","0.002053","0.017369","0.017128","-0.017069",
"1739672302.718","6.26","-80.63","243.67","0.010705","-0.000325","0.000955","0.032636",,,
"1739672302.719",,,,,,,,"0.017128","-0.047603",
"1739672302.74","5.28","-80.52","244.64","0.010094","-0.000447","0.002175","-0.028433","0.001861","-0.001802",
"1739672302.761","4.94",,,,,,,,,
"1739672302.762",,"-80.37","244.98","0.011681","-0.000081","0.002908","0.032636","-0.013407","-0.001802",
"1739672302.783","6.27","-80.41","243.67","0.010583","0.001018","0.001565","0.032636","-0.013407","-0.001802",
"1739672302.805","7.37","-80.3","242.59","0.015466","0.002483","0.003518","0.017369","-0.013407","-0.017069",
"1739672302.826","7.16","-80.15","242.8","0.00985","0.000041","0.003396","0.047903","-0.028674","-0.001802",
"1739672302.848","7.46","-79.99","242.5","0.00924","0.00053","0.002297","0.032636","0.017128","-0.001802",
"1739672302.869","6.17","-79.99","243.77","0.009606","-0.001668","0.001931","0.002102","-0.013407",,
"1739672302.87",,,,,,,,,"-0.001802",
"1739672302.891","6.79","-80.13","243.16","0.012902","0.000652","0.001565","0.032636","0.017128","-0.017069",
"1739672302.912","6.78","-79.97",,,,,,,,
"1739672302.913",,,"243.17","0.00863","0.000285","0.002541","0.002102","0.017128","-0.017069",
"1739672302.934","7.99","-79.9","241.97","0.00863","0.00175","0.001809","0.032636","-0.028674","-0.047603",
"1739672302.956","6.82","-79.99","243.12","0.008508","-0.000813","0.001199","0.032636","-0.028674","-0.032336",
"1739672302.977","5.85","-80.11","244.09","0.010461","-0.000447","0.001443","0.032636","0.017128","0.028732",
"1739672302.999","5.04","-80.25","244.89","0.010827","-0.000325","0.001443","0.032636","0.001861","0.013465",
"1739672303.02","5.39","-80.41","244.54","0.014001",,,,,,
"1739672303.021",,,,,"0.00053","0.001199","-0.028433","-0.013407","-0.032336",
"1739672303.042","4.99","-80.26","244.93","0.010217","-0.000447","0.003518","-0.0437","0.017128","0.013465",
"1739672303.063","5.07","-80.1",,,,,,,,
"1739672303.064",,,"244.85","0.010949","0.00053","0.004006","-0.013165","0.001861","-0.001802",
"1739672303.085","5.28","-79.95","244.65","0.011681","0.00114","0.004983","0.032636","0.001861","-0.001802",
"1739672303.107","4.96","-79.8","244.96","0.00985","-0.000081","0.002663","0.032636","-0.013407","-0.017069",
"1739672303.128","4.02","-79.69","245.88","0.008996","0.000041","0.001687","0.047903","0.001861","-0.017069",
"1739672303.15","3.83","-79.87","246.08","0.010217","-0.000813","-0.001609","0.047903","0.017128","-0.017069",
"1739672303.171","3.94",,,,,,,,,
"1739672303.172",,"-80.03","245.96","0.010217","0.000163","0.001077","0.002102","-0.043941","0.013465",
"1739672303.193","4.72","-80.16","245.2","0.009972","0.000896","0.000832","0.002102","-0.043941","-0.017069",
"1739672303.214","4.39",,,,,,,,,
"1739672303.215",,"-80.01","245.52","0.010339","0.000041","0.002175","0.06317","-0.043941","-0.032336",
"1739672303.236","3.47","-80.14","246.44","0.012414","-0.001057","0.001321","0.017369","0.001861","0.013465",
"1739672303.258","2.61","-80.02","247.27","0.011193","-0.000813","0.002786","-0.013165","-0.013407","0.013465",
"1739672303.279","2.71","-79.86","247.18","0.00863","0.000407","0.003762","0.017369","0.017128","-0.001802",
"1739672303.301","2.78","-79.7","247.11","0.00863","0.000163","0.002297","-0.013165","0.001861","-0.047603",
"1739672303.322","4.03","-79.74","245.88","0.012292",,,,,,
"1739672303.323",,,,,"0.000896","0.002053","-0.028433","-0.028674","-0.017069",
"1739672303.344","3.23","-79.88","246.66","0.01339","-0.000935","0.001443","0.002102","-0.013407","0.013465",
"1739672303.366","2.33","-80.01","247.56","0.011437","-0.001668","0.00071","0.047903","0.001861","-0.017069",
"1739672303.387","2.72","-79.85","247.17","0.011193","0.000652","0.003152","0.047903","-0.028674","-0.062871",
"1739672303.409","3.2","-79.7","246.7","0.009728","0.000652","0.002663","0.032636","-0.013407","-0.032336",
"1739672303.43","3.41","-79.86","246.5","0.012536","0.000163","0.002053","0.047903","-0.013407","-0.017069",
"1739672303.452","2.14","-79.84","247.74","0.010949","-0.001302","0.002175","0.017369","-0.013407","-0.017069",
"1739672303.473","1.64","-80","248.24","0.009606","-0.000813","0.000222",,,,
"1739672303.474",,,,,,,"-0.028433","-0.028674","0.013465",
"1739672303.495","2.94","-80.03","246.95","0.011926","0.00114","0.001931","0.017369","-0.013407","-0.017069",
"1739672303.517","3.7","-80.16","246.21","0.014367","0.00114","0.001321","-0.013165","-0.028674","0.013465",
"1739672303.538","3.97","-80","245.94","0.009972","0.000407","0.002541","-0.013165","-0.028674",,
"1739672303.539",,,,,,,,,"-0.001802",
"1739672303.56","2.82","-79.93","247.07","0.011315","-0.000569","0.002297","0.017369","-0.013407","0.013465",
"1739672303.581","2.39","-79.78","247.5","0.011559","-0.000447","0.003274",,,,
"1739672303.582",,,,,,,"-0.013165","0.001861","0.013465",
"1739672303.603","2.8","-79.94","247.09","0.010217","0.000285","0.001321","-0.0437","-0.028674","-0.032336",
"1739672303.624","4.11","-79.94","245.8",,,,,,,
"1739672303.625",,,,"0.009118","0.002239","0.001443","0.002102","-0.013407","-0.017069",
"1739672303.646","5.35","-79.9","244.58","0.008508","0.003703","0.001931","-0.0437","0.001861","0.013465",
"1739672303.668","4.57","-80.05","245.35","0.010949","-0.001668","0.000222","-0.028433","0.017128","0.028732",
"1739672303.689","3.25","-80.07","246.65","0.010949","-0.002644","0.001809","0.032636","0.017128","0.028732",
"1739672303.711","3.38","-80.24","246.53","0.014001","0.000285","-0.000144","0.078438","0.001861","-0.047603",
"1739672303.732","4.37","-80.35","245.55","0.011193","0.002483","-0.000022","0.002102","0.032395","-0.017069",
"1739672303.754","5.61","-80.42","244.32","0.008508","0.001506","0.000832","0.002102","0.032395","-0.032336",
"1739672303.775","5.36","-80.59","244.57","0.009972",,,,,,
"1739672303.776",,,,,"0.000041","0.001321","0.002102","-0.013407","0.013465",
"1739672303.797","4.35","-80.49","245.56","0.011315","-0.001424","0.00303","-0.013165","0.017128","0.028732",
"1739672303.819","3.84","-80.35","246.07","0.009972","-0.000813","0.003518","0.017369","0.001861","-0.001802",
"1739672303.84","4.2","-80.19","245.72","0.010217","0.001262","0.004128","0.002102","0.032395","-0.001802",
"1739672303.862","4.65","-80.05","245.27","0.009362","0.002361","0.005105","0.017369","0.001861","0.013465",
"1739672303.883","5.31","-79.91","244.62","0.011559","0.002361","0.00425",,,,
"1739672303.884",,,,,,,"-0.028433","0.047662","0.028732",
"1739672303.905","5.7","-80.07","244.23","0.01339","0.000285","0.002175","-0.058967","0.001861","-0.001802",
"1739672303.926","4.57",,,,,,,,,
"1739672303.927",,"-80.17","245.35","0.01278","-0.001912","0.001321","-0.013165","0.001861","-0.001802",
"1739672303.948","4.22","-80.33","245.69","0.014489","-0.000325","0.001321","-0.028433","0.001861","0.013465",
"1739672303.97","5.53","-80.37","244.4","0.013268","0.001262","0.001931","-0.013165","0.017128","-0.032336",
"1739672303.991","6.71","-80.29","243.23","0.011193","0.001872","0.002419","-0.028433","0.017128","-0.001802",
"1739672304.013","6.33","-80.45","243.61","0.010217","-0.000447","0.000466","-0.028433","0.032395","-0.001802",
"1739672304.034","5.3","-80.57","244.63","0.011437","-0.000813","0.001321","0.017369",,,
"1739672304.035",,,,,,,,"0.001861","-0.001802",
"1739672304.056","5.37","-80.74","244.56","0.012902","0.000163","0.000588","0.002102","-0.028674","0.013465",
"1739672304.077","6.69","-80.79","243.25",,,,,,,
"1739672304.078",,,,"0.011193","0.00053","0.001687","0.002102","-0.013407","-0.001802",
"1739672304.099","7.1","-80.64","242.85","0.009362","0.000896","0.002786","0.06317","-0.013407","0.013465",
"1739672304.121","7.05","-80.48","242.9","0.011193","0.000285","0.002541","0.017369","0.001861","0.013465",
"1739672304.142","5.71","-80.53","244.23","0.010217","-0.000813","0.001565","0.002102","-0.028674","0.013465",
"1739672304.164","4.62","-80.64","245.3","0.013024","-0.000691","0.001687","0.047903","-0.013407","-0.001802",
"1739672304.185","3.88","-80.52","246.03","0.012292","-0.00179","0.004372","0.032636","0.047662","-0.032336",
"1739672304.207","5.24","-80.55","244.7","0.011559","0.00114","0.001687","0.017369","0.017128","-0.032336",
"1739672304.228","6.29","-80.45",,,,,,,,
"1739672304.229",,,"243.65","0.010339","0.002116","0.002663","0.017369","0.017128","0.013465",
"1739672304.25","7.17","-80.32","242.79","0.008874","0.00114","0.002175","0.017369","-0.013407","-0.017069",
"1739672304.272","8.18","-80.42","241.79","0.010339","0.000896","0.001199","0.032636","-0.013407","-0.017069",
"1739672304.293","6.85","-80.4","243.1","0.010094","-0.000325","0.001809","0.017369","0.017128","-0.032336",
"1739672304.315","6.53","-80.57","243.42","0.011071","-0.000081","0.001199","-0.0437","-0.028674","-0.062871",
"1739672304.336","7.2","-80.71","242.76","0.013635","0.00114","0.00071",,,,
"1739672304.337",,,,,,,"0.002102","-0.013407","-0.047603",
"1739672304.358","7.85","-80.56","242.12","0.011315","0.000652","0.002297","-0.013165","-0.013407","0.013465",
"1739672304.379","7.57","-80.41","242.39",,,,,,,
"1739672304.38",,,,"0.011559","-0.000081","0.004128","0.002102","-0.028674","-0.001802",
"1739672304.401","7.74","-80.57","242.22","0.011681","0.000285","0.001077","0.017369","-0.028674","-0.032336",
"1739672304.423","6.47","-80.53","243.48","0.011681","-0.001179","0.002419","-0.013165","-0.059208","-0.062871",
"1739672304.444","6.34","-80.37","243.6","0.012048","0.000163","0.004495","0.002102","-0.028674","-0.032336",
"1739672304.466","7.36","-80.48","242.6","0.013635","0.001018","0.001687","-0.028433","-0.028674","-0.032336",
"1739672304.487","8.61","-80.4","241.37","0.011071","0.00114","0.002053",,,,
"1739672304.488",,,,,,,"-0.028433","-0.013407","-0.017069",
"1739672304.509","9.9","-80.33","240.09","0.013024","0.00114","0.002297","0.002102","-0.028674","-0.001802",
"1739672304.53","9.03",,,,,,,,,
"1739672304.531",,"-80.47","240.96","0.009606","-0.000813","0.000832","0.002102","-0.028674","0.013465",
"1739672304.552","9.51","-80.62","240.48","0.011926","0.00053","0.001321","-0.013165","-0.013407","-0.017069",
"1739672304.574","10.21","-80.76","239.79","0.011681","0.000652","0.001321","0.002102","-0.028674","-0.001802",
"1739672304.595","10.11","-80.6","239.89","0.008263","0.000285","0.001931","-0.074234","0.001861","-0.001802",
"1739672304.617","10.41","-80.76","239.59","0.010583","0.000407","0.000832","-0.013165","0.001861","-0.001802",
"1739672304.638","10.66","-80.92","239.34","0.010827","0.000407","0.0001",,,,
"1739672304.639",,,,,,,"0.017369","-0.013407","0.013465",
"1739672304.66","9.37","-80.87","240.62","0.011681","-0.000691","0.002297","-0.013165","-0.028674","0.013465",
"1739672304.681","8.82",,,,,,,,,
"1739672304.682",,"-80.73","241.16","0.014123","0.000041","0.00303","0.002102","0.017128","-0.001802",
"1739672304.703","10.22","-80.69","239.77","0.009728","0.000896","0.001565","0.017369","-0.043941","-0.047603",
"1739672304.725","8.86","-80.76","241.12","0.010217","-0.000447","0.001565","0.017369","0.001861","-0.032336",
"1739672304.746","7.5","-80.82","242.46","0.012902","-0.000691","0.001931","0.002102","0.001861","-0.032336",
"1739672304.768","6.15","-80.78","243.79","0.011803","-0.000691","0.002175","-0.013165","-0.059208","-0.001802",
"1739672304.789","4.82","-80.86","245.11","0.013512","-0.001302",,,,,
"1739672304.79",,,,,,"0.001809","0.032636","-0.043941","-0.017069",
"1739672304.811","3.94","-80.73","245.97","0.010583","-0.000569","0.002419","0.017369","0.017128","-0.017069",
"1739672304.832","3.62",,,,,,,,,
"1739672304.833",,"-80.9","246.29","0.011437","-0.000081","0.001321","0.017369","-0.013407","-0.001802",
"1739672304.854","3.21","-80.75","246.69","0.009362","-0.000325","0.002663","-0.013165","0.017128","-0.001802",
"1739672304.876","3.05","-80.59","246.85","0.008752","0.000041","0.001809","-0.013165","0.001861","0.013465",
"1739672304.897","2","-80.71","247.89","0.009484","-0.00179","0.000344","0.017369","-0.013407","-0.001802",
"1739672304.919","0.62","-80.75","249.25","0.010705","-0.000325","0.001687","0.017369","0.017128","-0.017069",
"1739672304.94","0.8","-80.59","249.08","0.009972","0.000285",,,,,
"1739672304.941",,,,,,"0.00303","0.047903","-0.013407","-0.017069",
"1739672304.962","1.81","-80.49","248.09","0.007531","0.00175","0.002297","0.032636","-0.043941","-0.001802",
"1739672304.983","2.5",,,,,,,,,
"1739672304.984",,"-80.63","247.4","0.011437","0.000407","0.001443","0.032636","-0.089742","0.028732",
"1739672305.005","1.09","-80.63","248.79","0.011437","-0.001179","0.001931","0.017369","-0.074475","-0.001802",
"1739672305.027","0.53","-80.49","249.35","0.010949","-0.000569","0.002786","0.047903","-0.043941","-0.032336",
"1739672305.048","1.05","-80.34","248.83","0.010217","0.000285","0.002175","0.017369","-0.028674","-0.062871",
"1739672305.07","2.02","-80.46","247.88","0.010827","0.00114","0.000955","0.002102","0.001861","-0.047603",
"1739672305.091","2.57","-80.61","247.33","0.010705","0.001018","-0.000022","0.06317","0.032395",,
"1739672305.092",,,,,,,,,"-0.017069",
"1739672305.113","3.78","-80.69","246.15","0.010827","0.000285","0.001687","0.032636","0.032395","-0.032336",
"1739672305.135","3.23","-80.55","246.69","0.012658","-0.000569","0.003396","0.032636","-0.028674","-0.001802",
"1739672305.156","2.92","-80.4","246.99","0.010583","-0.000447","0.003762","0.032636","0.001861","-0.032336",
"1739672305.178","1.58","-80.37","248.31","0.010705","-0.000691","0.001931","0.002102","-0.043941","-0.001802",
"1739672305.199","1.49","-80.54","248.4","0.009484","-0.000081","0.000588","0.032636","-0.013407","-0.062871",
"1739672305.221","2.82","-80.59","247.09","0.011559","0.000896","0.001687","0.032636","0.001861","-0.001802",
"1739672305.242","4.17","-80.55","245.76","0.01217","0.002483",,,,,
"1739672305.243",,,,,,"0.002297","0.017369","0.001861","0.028732",
"1739672305.264","5.47","-80.49","244.48","0.011315","0.001628","0.002175","-0.028433","-0.028674","0.028732",
"1739672305.286","5.09","-80.35","244.85","0.008752","-0.000935","0.004739","-0.013165","-0.013407","-0.001802",
"1739672305.307","4.03","-80.27","245.9","0.007653","-0.001912","0.002419","0.002102","0.001861","-0.047603",
"1739672305.329","3.24","-80.15","246.68","0.011193","-0.001546","0.00364","-0.058967","-0.013407","-0.017069",
"1739672305.35","3.48","-80.31","246.44","0.010827","0.000285","0.000955","-0.028433","0.017128","0.013465",
"1739672305.372","3.35","-80.48","246.56","0.011681","0.000041","0.001565","0.002102","-0.028674","0.013465",
"1739672305.393","3.45",,,,,,,,,
"1739672305.394",,"-80.64","246.46","0.010461","0.000163","-0.000144","-0.013165","-0.028674","-0.017069",
"1739672305.415","4.4","-80.76","245.53","0.011559","0.001018","0.001077","0.002102","0.001861","-0.017069",
"1739672305.437","3.78","-80.63","246.14","0.009484","-0.001302","0.003762","0.002102","-0.013407","-0.017069",
"1739672305.458","3.17","-80.78","246.74","0.010461","-0.000447","0.000955","0.002102","-0.028674","-0.017069",
"1739672305.48","4.26","-80.68","245.66","0.010827","0.00114","0.002297","0.002102","0.001861","-0.001802",
"1739672305.501","4.14","-80.52","245.79","0.007653","0.000041","0.002297","0.047903","0.001861",,
"1739672305.502",,,,,,,,,"0.028732",
"1739672305.523","4.23","-80.36","245.7","0.008752","0.000285","0.002541","0.002102","0.017128","-0.017069",
"1739672305.544","3.6","-80.22","246.32",,,,,,,
"1739672305.545",,,,"0.011193","-0.000203","0.002419","0.032636","-0.043941","-0.017069",
"1739672305.566","2.33","-80.29","247.57","0.011681","-0.000203","0.001931","0.002102","-0.028674","-0.047603",
"1739672305.588","2.8","-80.13","247.11","0.011437","0.000896","0.003396","0.002102","-0.028674","-0.047603",
"1739672305.609","2.86","-79.98","247.05","0.011437","0.000407","0.004617","0.002102","-0.013407","-0.017069",
"1739672305.631","2.44","-79.83","247.46","0.011926","-0.000447","0.003396","-0.013165","0.001861","0.013465",
"1739672305.652","2.39","-79.67","247.52","0.00985","0.000041","0.003762","0.002102","0.017128","0.013465",
"1739672305.674","1.95","-79.53","247.95","0.008874","-0.000935","0.00364","-0.028433","-0.028674","-0.017069",
"1739672305.695","3.21","-79.53","246.71",,,,,,,
"1739672305.696",,,,"0.010583","0.000407","0.001931","-0.028433","0.032395","-0.017069",
"1739672305.717","2.51","-79.67","247.39","0.010949","-0.000447","0.001443","0.002102","0.062929","-0.032336",
"1739672305.739","2.61","-79.52","247.29","0.008508","0.000407","0.00364","0.002102","0.001861","-0.017069",
"1739672305.76","2.95","-79.36","246.96","0.00863","0.000774","0.003152","0.002102","0.017128","-0.017069",
"1739672305.782","1.94","-79.28","247.95","0.012536","-0.001424","0.003152","0.017369","0.017128","0.013465",
"1739672305.803","1.6","-79.13","248.29","0.011926","-0.000691","0.00425",,,,
"1739672305.804",,,,,,,"0.002102","0.017128","-0.017069",
"1739672305.825","2.62","-79.04","247.28","0.011803","0.001018","0.002663","0.032636","0.001861","-0.032336",
"1739672305.846","3.78",,,,,,,,,
"1739672305.847",,"-79.08","246.14","0.01278","0.001262","0.002175","-0.013165","0.017128","0.013465",
"1739672305.868","3.64","-79.25","246.28","0.011926","0.000041","0.001809","0.002102","0.032395","0.013465",
"1739672305.89","3.91","-79.41","246.02","0.013146","0.000407","0.001443","0.002102","0.001861","0.013465",
"1739672305.911","3.58","-79.57","246.35","0.011193","-0.000569","0.000466","-0.013165","0.001861","-0.001802",
"1739672305.933","2.56","-79.68","247.34","0.010217","-0.000935","0.001321","-0.013165","0.001861","-0.032336",
"1739672305.954","2.27","-79.52","247.63","0.010461","-0.000203","0.002908","-0.0437","0.001861",,
"1739672305.955",,,,,,,,,"-0.017069",
"1739672305.976","3.51","-79.49","246.41","0.008996","0.000285","0.001687","-0.0437","0.032395","-0.001802",
"1739672305.998","2.44","-79.41","247.46","0.009118","-0.000691","0.002053","-0.0437","0.001861","-0.017069",
"1739672306.019","1.36","-79.5","248.52","0.009484","-0.00179","0.000955","-0.028433","0.001861","-0.017069",
"1739672306.041","1.03","-79.67","248.84","0.011803","-0.000691","0.000222","0.032636","-0.013407","-0.032336",
"1739672306.062","2.29","-79.7","247.6","0.010827","0.000285","0.001931","-0.013165","0.017128",,
"1739672306.063",,,,,,,,,"-0.062871",
"1739672306.084","1.06","-79.67","248.82","0.012414","-0.000813","0.002419","-0.028433","-0.013407","-0.047603",
"1739672306.105","2","-79.77","247.89","0.011803","0.00053","0.001809","-0.013165","0.032395","0.013465",
"1739672306.127","1.22","-79.65","248.66","0.011315","-0.000325","0.002419","-0.0437","0.047662","-0.017069",
"1739672306.148","1.89","-79.79",,,,,,,,
"1739672306.149",,,"248","0.012048","0.000652","0.001443","0.002102","0.017128","-0.001802",
"1739672306.17","0.74","-79.87","249.13","0.010705","-0.00179","0.001199","-0.028433","0.047662","-0.001802",
"1739672306.192","-0.54","-79.85","250.39","0.011315","-0.001302","0.002175","0.017369","-0.028674","-0.017069",
"1739672306.213","-1.38","-79.73","251.22","0.010217","-0.001424","0.002908","0.06317","-0.013407","-0.047603",
"1739672306.235","-1.06","-79.58","250.91","0.011437","0.00053","0.003762","0.047903","0.001861","-0.017069",
"1739672306.256","-0.79","-79.74","250.63",,,,,,,
"1739672306.257",,,,"0.010339","0.00053","0.0001","0.002102","0.001861","-0.001802",
"1739672306.278","0.15","-79.86","249.71","0.009362","0.001628","0.000466","0.002102","0.001861","-0.032336",
"1739672306.299","-0.53",,,,,,,,,
"1739672306.3",,"-80.01","250.38","0.010583","-0.000569","0.001199","0.047903","0.017128","-0.062871",
"1739672306.321","0.71","-79.95","249.17","0.014123","0.000652","0.002663","0.002102","0.001861","-0.001802",
"1739672306.343","0.16","-80.1","249.71","0.010827","-0.000203","0.001565","0.017369","-0.013407","-0.032336",
"1739672306.364","1.2","-80","248.68","0.009362","0.000774","0.002053","0.002102","-0.013407","-0.017069",
"1739672306.386","0.09","-80.1","249.77","0.010217","-0.000691","0.001443","-0.013165","0.017128","-0.001802",
"1739672306.407","-0.53","-79.96","250.38","0.010094","-0.001057",,,,,
"1739672306.408",,,,,,"0.003152","-0.0437","-0.013407","-0.001802",
"1739672306.429","-1.36","-79.84","251.2","0.010094","-0.000935","0.002541","-0.013165","-0.028674","0.028732",
"1739672306.451","-2.58","-79.79","252.4","0.010583","-0.002156","0.002297","0.017369","0.017128","-0.047603",
"1739672306.472","-1.46","-79.88","251.3","0.013757","0.002239","0.001443","0.002102","-0.028674","-0.032336",
"1739672306.494","-0.47","-79.79","250.33","0.008874","0.001628","0.002541","0.017369","0.017128","0.044",
"1739672306.515","0.43","-79.91","249.44","0.010217","0.001262","0.000832","0.017369",,,
"1739672306.516",,,,,,,,"0.001861","-0.001802",
"1739672306.537","-0.08","-80.07","249.94","0.010217","-0.000813","0.000344","-0.028433","0.032395","0.013465",
"1739672306.558","-0.44","-80.23","250.3","0.011193",,,,,,
"1739672306.559",,,,,"-0.000813","-0.000266","-0.013165","-0.013407","0.028732",
"1739672306.58","-0.35","-80.4","250.21","0.009362","0.000163","-0.000144","0.032636","-0.028674","0.013465",
"1739672306.602","-1.23","-80.28","251.08","0.013512","-0.000325","0.002541","0.002102","-0.013407","-0.032336",
"1739672306.623","0.01","-80.35","249.85","0.011926","0.001018","0.001687","-0.013165","0.001861","0.013465",
"1739672306.645","-1.35","-80.34","251.2","0.00985","-0.000569","0.001687","-0.013165","0.001861","-0.017069",
"1739672306.666","-2.04","-80.2","251.87","0.008996","-0.000935","0.002541","0.002102","0.001861",,
"1739672306.667",,,,,,,,,"-0.001802",
"1739672306.688","-2.02","-80.04","251.85","0.011193","-0.000081","0.003152","0.002102","0.001861","-0.032336",
"1739672306.709","-0.89","-80.14","250.74",,,,,,,
"1739672306.71",,,,"0.010827","0.001872","0.000955","0.017369","-0.013407","-0.017069",
"1739672306.731","0.42","-80.18","249.45","0.011437","0.001018","0.001809","0.002102","0.017128","-0.001802",
"1739672306.753","1.72","-80.22","248.17","0.011193","0.00114","0.001687","0.017369","-0.013407","0.013465",
"1739672306.774","1.29","-80.07","248.59","0.010583","-0.000325","0.002663","0.017369","0.001861","-0.032336",
"1739672306.796","0.21","-79.99","249.66","0.008508","-0.001424","0.002175","0.032636","0.001861","-0.001802",
"1739672306.817","0.12","-80.15","249.75","0.010339","-0.000081","0.000955","0.002102","0.001861","-0.032336",
"1739672306.839","1.45","-80.18","248.43","0.013757","0.003215","0.001931","-0.013165","0.017128","-0.017069",
"1739672306.86","2.57","-80.1",,,,,,,,
"1739672306.861",,,"247.33","0.012292","0.00407","0.00364","-0.013165","0.001861","-0.001802",
"1739672306.882","3.9","-80.12","246.02","0.012902","0.001506","0.002053","-0.013165","0.017128","-0.032336",
"1739672306.904","2.78","-80.22","247.12","0.013757","-0.000569","0.002053","-0.028433","-0.043941","0.028732",
"1739672306.925","2.06","-80.1","247.83","0.009118","-0.001424","0.003274","-0.028433","0.001861","-0.001802",
"1739672306.947","1.41","-80.24","248.47","0.011315","-0.000447","0.001321","-0.028433","0.047662","-0.017069",
"1739672306.968","2.03","-80.1","247.86","0.01278","0.000896","0.003274","0.017369","0.017128","0.013465",
"1739672306.99","3.23","-80.03","246.68","0.00924","0.00114","0.001931","0.017369","0.001861","0.044",
"1739672307.011","2.79","-79.88","247.11",,,,,,,
"1739672307.012",,,,"0.00924","-0.000203","0.002297","0.002102","0.001861","-0.017069",
"1739672307.033","1.8","-79.79","248.08","0.009362","-0.002278","0.00303","0.002102","0.032395","-0.001802",
"1739672307.055","0.54","-79.83","249.33","0.009972","-0.002522","0.001321","-0.013165","0.001861","-0.017069",
"1739672307.076","0.28","-80","249.58","0.010461","-0.000447","0.000222","0.017369","0.032395","-0.032336",
"1739672307.098","1.44","-80.08","248.44","0.010461","0.000652","0.001565","-0.013165","0.032395","-0.047603",
"1739672307.119","1.86","-80.23","248.02","0.011681","0.000407",,,,,
"1739672307.12",,,,,,"0.001199","-0.028433","0.047662","-0.017069",
"1739672307.141","3.21","-80.23","246.69","0.007897","0.001018","0.001321","-0.028433","0.032395","-0.017069",
"1739672307.162","4.19","-80.35",,,,,,,,
"1739672307.163",,,"245.73","0.010827","0.001506","0.00071","0.017369","0.032395","-0.032336",
"1739672307.184","4.45","-80.51","245.47","0.011926","0.000407","0.000588","0.017369","-0.013407","-0.032336",
"1739672307.206","4.4","-80.68","245.52","0.008996","-0.000081","-0.000022","0.002102","0.001861","-0.032336",
"1739672307.227","5.22","-80.54","244.71","0.011803","0.000285","0.002053","-0.013165","0.001861","-0.047603",
"1739672307.249","6.54","-80.48","243.41","0.012292","0.001018","0.002175","-0.013165","-0.028674","0.013465",
"1739672307.27","7.56","-80.36","242.41","0.010949","0.000407","0.001931","-0.0437",,,
"1739672307.271",,,,,,,,"0.017128","-0.001802",
"1739672307.292","7.28","-80.21","242.68","0.00924","0.000041","0.002541","0.002102","-0.013407","-0.032336",
"1739672307.313","7.8",,,,,,,,,
"1739672307.314",,"-80.06","242.17","0.010094","0.000652","0.002297","-0.013165","-0.013407","-0.017069",
"1739672307.335","8.77","-79.94","241.21","0.011681","0.001506","0.002663","0.017369","0.017128","-0.001802",
"1739672307.357","9.46","-80.07","240.53","0.01217","0.001506","0.000222","0.017369","-0.013407","-0.017069",
"1739672307.378","9.63","-80.24","240.37","0.010094","0.000285","0.00071","-0.028433","0.017128","-0.047603",
"1739672307.4","9.77","-80.4","240.23","0.010583","0.000285","0.001077","-0.013165","-0.043941","-0.001802",
"1739672307.421","8.42","-80.4","241.56","0.010705","-0.000569","0.001931","0.002102","0.001861",,
"1739672307.422",,,,,,,,,"0.013465",
"1739672307.443","7.83","-80.27","242.14","0.008996","-0.001302","0.00425","0.002102","0.047662","-0.017069",
"1739672307.464","8.38",,,,,,,,,
"1739672307.465",,"-80.42","241.6","0.013146","0.000652","0.001443","0.032636","0.001861","-0.032336",
"1739672307.486","8.75","-80.57","241.23","0.012292","0.000652","0.000466","-0.028433","0.032395","-0.032336",
"1739672307.508","8.85","-80.41","241.13","0.010339","0.000774","0.00364","-0.013165","0.017128","0.028732",
"1739672307.529","9.48","-80.26","240.51","0.009728","0.000896","0.002297","-0.028433","-0.028674",,
"1739672307.53",,,,,,,,,"-0.032336",
"1739672307.551","10.3","-80.12","239.71","0.011559","0.00114","0.002541","-0.0437","-0.013407","-0.017069",
"1739672307.572","10.96",,,,,,,,,
"1739672307.573",,"-80.26","239.05","0.009362","0.000652","0.000955","-0.0437","-0.013407","-0.001802",
"1739672307.594","11.35","-80.1","238.67","0.008874","0.000652","0.002053","-0.013165","0.001861","-0.001802",
"1739672307.615","12.01",,,,,,,,,
"1739672307.616",,"-79.95","238.01","0.007287","0.001628","0.002419","0.002102","0.032395","-0.001802",
"1739672307.637","12.78","-80.08","237.26","0.011315","0.001872","-0.000266","-0.013165","0.032395","-0.001802",
"1739672307.659","12.63","-79.92","237.4","0.009118","0.000407","0.002419","0.017369","0.047662","-0.001802",
"1739672307.68","12.95","-79.76","237.09","0.010949","0.000896","0.002663","-0.028433","0.001861","0.013465",
"1739672307.702","11.72","-79.74","238.3","0.011437","-0.000081","0.002175","-0.0437","0.017128","-0.032336",
"1739672307.723","10.97","-79.62","239.04","0.010217","0.000285",,,,,
"1739672307.724",,,,,,"0.001931","0.017369","-0.028674","-0.001802",
"1739672307.745","12.15","-79.67","237.88","0.010827","0.001262","0.001565","0.017369","-0.013407","-0.017069",
"1739672307.766","11.17",,,,,,,,,
"1739672307.767",,"-79.58","238.84","0.011803","0.000041","0.002419","0.002102","0.001861","-0.017069",
"1739672307.788","10.27","-79.49","239.73","0.011071","-0.000813","0.00303","0.002102","0.017128","-0.017069",
"1739672307.81","10.56","-79.33","239.44","0.011803","0.001384","0.004006","0.002102","0.017128","-0.047603",
"1739672307.831","10.06","-79.19","239.93","0.008996","-0.000447","0.003396","0.017369","-0.013407","-0.017069",
"1739672307.853","9.56","-79.35","240.42","0.00924","0.000163","0.001565","0.032636","0.001861","-0.062871",
"1739672307.874","9.45","-79.52","240.53","0.010217","0.000041",,,,,
"1739672307.875",,,,,,"0.000955","-0.028433","0.047662","-0.047603",
"1739672307.896","10.05","-79.66","239.94","0.01278","0.001994","-0.000877","-0.013165","0.001861","0.013465",
"1739672307.918","11.22","-79.72","238.79","0.00985","0.002239","0.000832","-0.0437","0.001861","0.028732",
"1739672307.939","12.48","-79.68","237.55","0.010949","0.00175","0.001931","-0.028433","-0.028674","-0.032336",
"1739672307.961","11.54","-79.81","238.47","0.012902","-0.000935","0.001565","0.032636","-0.013407","-0.032336",
"1739672307.982","10.33","-79.78","239.66","0.010339","-0.000691","0.002175","-0.028433","-0.028674","-0.017069",
"1739672308.004","11.18","-79.9","238.83","0.011803","0.00175","0.000466","-0.013165","0.017128","-0.032336",
"1739672308.025","12.46","-79.91","237.57","0.012658","0.002361",,,,,
"1739672308.026",,,,,,"0.001687","-0.013165","0.017128","-0.032336",
"1739672308.047","12.81","-80.07","237.22","0.011559","0.000652","0.000588","-0.013165","0.001861","0.028732",
"1739672308.068","12.24",,,,,,,,,
"1739672308.069",,"-79.94","237.78","0.009606","-0.000691","0.004006","-0.089501","0.001861","-0.001802",
"1739672308.09","12.02","-80.11","237.99","0.011681","-0.000325","0.000344","-0.0437","-0.028674","-0.017069",
"1739672308.112","10.72","-80.17","239.27","0.015099","-0.000325","0.002541","0.002102","-0.028674","-0.032336",
"1739672308.133","11.92","-80.23","238.1","0.013879","0.001506","0.001809","0.017369","-0.013407","-0.032336",
"1739672308.155","13.26","-80.22","236.77","0.013757","0.001872","0.002053","0.002102","-0.013407","-0.047603",
"1739672308.176","13.54","-80.38",,,,,,,,
"1739672308.177",,,"236.5","0.01217","0.00053","0.000955","-0.028433","-0.028674","-0.032336",
"1739672308.198","12.25","-80.46","237.77","0.011193","-0.002522","0.001443","-0.028433","0.001861","-0.032336",
"1739672308.22","11.91","-80.63","238.11","0.012658","-0.000691","0.0001","-0.013165","-0.013407","-0.017069",
"1739672308.241","12.23","-80.47","237.79","0.011315","0.000652","0.002297","0.002102","-0.013407","-0.017069",
"1739672308.263","12.83","-80.31","237.19","0.008996","0.001018","0.002175","0.032636","-0.013407","-0.017069",
"1739672308.284","12.16","-80.19","237.86","0.009728","-0.000813",,,,,
"1739672308.285",,,,,,"0.00364","-0.013165","0.001861","-0.017069",
"1739672308.306","11.07","-80.12","238.94","0.00924","-0.000447","0.002053","-0.013165","-0.013407","-0.032336",
"1739672308.327","10.66","-80.29","239.33",,,,,,,
"1739672308.328",,,,"0.010583","-0.000203","0.000955","0.002102","0.032395","-0.017069",
"1739672308.349","9.56","-80.21","240.42","0.009728","-0.000569","0.002175","0.017369","-0.013407","-0.032336",
"1739672308.371","10.38","-80.34","239.61","0.010583","0.000774","0.001199","0.002102","0.001861","-0.062871",
"1739672308.392","10.93","-80.48","239.07","0.011803","0.001018","0.000222","0.002102","0.032395","-0.032336",
"1739672308.414","9.9","-80.39","240.08","0.011071","-0.000569","0.002541","0.032636","-0.028674","-0.001802",
"1739672308.435","9.15","-80.55","240.83","0.011803","-0.000813",,,,,
"1739672308.436",,,,,,"0.000955","0.002102","-0.028674","-0.032336",
"1739672308.457","8.26","-80.44","241.7","0.010827","-0.000569","0.002663","0.002102","-0.013407","-0.032336",
"1739672308.478","7.17","-80.55","242.78","0.011071","-0.000325","0.001565","0.017369",,,
"1739672308.479",,,,,,,,"0.001861","0.013465",
"1739672308.5","6.12","-80.46","243.82","0.009728","-0.000081","0.001809","-0.028433","0.001861","0.013465",
"1739672308.522","6.22","-80.62","243.71","0.00924","0.000163","0.001077","-0.013165","-0.013407","-0.001802",
"1739672308.543","7.27","-80.73","242.68","0.012414","0.001994","0.000588","-0.013165","0.001861","-0.001802",
"1739672308.565","6.15","-80.64","243.78","0.010827","-0.000447","0.002175","0.002102","-0.013407","-0.001802",
"1739672308.586","5.22","-80.53","244.7","0.010094","-0.000813","0.002541",,,,
"1739672308.587",,,,,,,"0.017369","0.001861","0.028732",
"1739672308.608","6.2","-80.65","243.74","0.011071","0.000896","0.001199","0.002102","0.001861","-0.017069",
"1739672308.629","7.55",,,,,,,,,
"1739672308.63",,"-80.59","242.4","0.010949","0.001262","0.001931","-0.028433","0.001861","-0.047603",
"1739672308.651","7.15","-80.44","242.8","0.010705","0.000041","0.002419","0.002102","-0.013407","-0.001802",
"1739672308.673","5.83","-80.42","244.1","0.010705","-0.002278","0.002297","0.017369","-0.013407","-0.017069",
"1739672308.694","4.78","-80.33","245.13","0.012658","-0.00179","0.003396","-0.013165","-0.013407",,
"1739672308.695",,,,,,,,,"-0.032336",
"1739672308.716","5.97","-80.41","243.96","0.011071","0.001506","0.001199","0.032636","0.017128","0.028732",
"1739672308.737","6.86","-80.54","243.08","0.011071","0.002116","-0.000266","-0.0437",,,
"1739672308.738",,,,,,,,"0.017128","-0.047603",
"1739672308.759","6.68","-80.38","243.26","0.009484","0.000041","0.003396","-0.0437","-0.013407","-0.047603",
"1739672308.78","5.37",,,,,,,,,
"1739672308.781",,"-80.35","244.55","0.010339","-0.001057","0.002053","0.002102","-0.043941","-0.001802",
"1739672308.802","4.61","-80.23","245.3","0.010827","-0.001424","0.00364","0.032636","0.017128","-0.032336",
"1739672308.824","4.71","-80.08","245.2","0.011437","0.000774","0.005227","-0.013165","0.001861","-0.047603",
"1739672308.845","5.46","-79.95","244.46","0.014123","0.003093","0.004983","0.017369","0.001861","-0.078138",
"1739672308.867","5.64","-79.78","244.29","0.01217","0.00053","0.003274","0.002102","0.032395","-0.017069",
"1739672308.888","6.4","-79.65","243.54","0.01339","0.00114","0.003152",,,,
"1739672308.889",,,,,,,"0.017369","0.001861","-0.017069",
"1739672308.91","5.72","-79.53","244.21","0.010461","-0.001546","0.004128","0.032636","0.001861","0.013465",
"1739672308.931","5.48",,,,,,,,,
"1739672308.932",,"-79.37","244.44","0.014245","-0.000081","0.004617","0.017369","0.001861","0.013465",
"1739672308.953","6.72","-79.36","243.22","0.01339","0.001628","0.002419","0.002102","-0.013407","0.013465",
"1739672308.975","7.96","-79.34","242.01","0.012414","0.001506","0.002297","0.017369","-0.028674","-0.032336",
"1739672308.996","7.9","-79.51","242.07","0.010827","-0.000081","0.000222","0.017369","-0.013407","0.013465",
"1739672309.018","7.39","-79.66","242.57","0.011681","0.000041","0.001809","0.017369","0.001861","0.013465",
"1739672309.039","7.38","-79.83","242.58","0.010827","0.000041","0.000466",,,,
"1739672309.04",,,,,,,"0.002102","-0.013407","-0.032336",
"1739672309.061","8.02","-79.69","241.95","0.01217","0.001262","0.003152","0.017369","0.001861","-0.001802",
"1739672309.082","8.48",,,,,,,,,
"1739672309.083",,"-79.53","241.49","0.011193","0.001384","0.003518","0.002102","-0.013407","-0.047603",
"1739672309.104","9.48","-79.62","240.52","0.011681","0.001262","0.001443","0.047903","0.001861","0.013465",
"1739672309.126","10.29","-79.74","239.72","0.010827","0.000774","0.001443","0.002102","0.017128","-0.001802",
"1739672309.147","9.51","-79.62","240.48","0.010094","-0.000203","0.002419","0.017369",,,
"1739672309.148",,,,,,,,"0.001861","-0.032336",
"1739672309.169","8.27","-79.63","241.71","0.011559","-0.001057","0.002297","-0.013165","0.032395","-0.047603",
"1739672309.19","8.95","-79.49","241.04","0.009972",,,,,,
"1739672309.191",,,,,"0.001994","0.003274","0.002102","0.001861","0.013465",
"1739672309.212","9.63","-79.34","240.37","0.010339","0.001506","0.002908","0.002102","0.001861","0.028732",
"1739672309.234","10.77","-79.39","239.25","0.010217","0.00053","0.001809","0.032636","0.017128","-0.017069",
"1739672309.255","10.24","-79.55","239.77","0.01278","-0.001179","0.000466","-0.028433","0.001861","-0.047603",
"1739672309.277","9.24","-79.68","240.75","0.012292","-0.002522","0.000832","-0.028433","0.001861","0.013465",
"1739672309.298","8.02","-79.74","241.95","0.011559","0.000163","0.002053","0.002102","-0.013407","-0.001802",
"1739672309.32","7.41","-79.61","242.55","0.011437","-0.000081","0.002663","-0.0437","0.017128","-0.047603",
"1739672309.341","6.47","-79.73","243.48","0.012536","-0.000325","0.001931","-0.0437",,,
"1739672309.342",,,,,,,,"0.017128","-0.017069",
"1739672309.363","6.09","-79.59","243.85","0.008508","-0.000935","0.004739","0.002102","0.017128","-0.001802",
"1739672309.385","5.8","-79.44","244.13","0.010827","-0.000203","0.003762","-0.013165","0.001861","-0.047603",
"1739672309.406","4.99","-79.32","244.93","0.011803","-0.000813","0.003152","0.017369","0.047662","0.013465",
"1739672309.428","4.68","-79.48","245.24","0.012414","-0.000081","0.001687","0.002102","0.017128","0.028732",
"1739672309.449","3.77","-79.38","246.13","0.011193","-0.001179","0.00303","-0.013165","0.032395",,
"1739672309.45",,,,,,,,,"-0.032336",
"1739672309.471","3.06","-79.26","246.83","0.008874","-0.000935","0.002786","0.017369","0.017128","-0.032336",
"1739672309.492","2.83",,,,,,,,,
"1739672309.493",,"-79.42","247.05","0.009118","0.000041","0.001565","-0.0437","0.032395","-0.001802",
"1739672309.514","4.06","-79.44","245.84","0.009728","0.000896","0.001687","-0.013165","-0.013407","-0.001802",
"1739672309.535","3.52",,,,,,,,,
"1739672309.536",,"-79.3","246.37","0.010217","-0.000325","0.002663","-0.028433","-0.013407","-0.032336",
"1739672309.557","3.73","-79.15","246.17","0.010461","0.000774","0.004128","-0.013165","0.001861","-0.017069",
"1739672309.579","3.24","-79.01","246.64","0.008141","-0.000935","0.003396","0.017369","0.047662","-0.017069",
"1739672309.6","3.04","-78.85","246.84","0.008019","0.000041","0.001809","0.047903","0.017128","-0.017069",
"1739672309.622","4.18","-78.89","245.72","0.00863","0.001018","0.001443","-0.013165","0.001861","-0.032336",
"1739672309.643","4.21","-79.06","245.69",,,,,,,
"1739672309.644",,,,"0.008996","0.000041","-0.000388","0.002102","0.047662","-0.017069",
"1739672309.665","4","-79.23","245.9","0.012414","-0.000569","-0.000022","0.017369","0.032395","-0.032336",
"1739672309.687","4.17","-79.4","245.74","0.014855","0.000407","0.000832","0.002102","0.017128","-0.001802",
"1739672309.708","4.6","-79.55","245.31","0.011559","0.000407","0.001565","-0.013165","0.017128","-0.017069",
"1739672309.73","3.45","-79.5","246.44","0.010339","-0.000691","0.002175","-0.013165","0.001861","-0.047603",
"1739672309.751","4.61","-79.55","245.3","0.012902","0.000407","0.002297","-0.028433",,,
"1739672309.752",,,,,,,,"0.017128","0.013465",
"1739672309.773","3.89","-79.69","246.01","0.013146","-0.000447","0.001809","0.002102","0.032395","-0.017069",
"1739672309.794","2.64",,,,,,,,,
"1739672309.795",,"-79.67","247.23","0.00924","-0.001546","0.001931","0.002102","0.017128","-0.032336",
"1739672309.816","2.87","-79.83","247.01","0.010827","0.000285","0.000955","-0.028433","0.017128","0.013465",
"1739672309.838","2.29","-79.98","247.58","0.010217","-0.000447","0.001077","0.032636","-0.013407","0.028732",
"1739672309.859","3.44","-79.9","246.45","0.010705","0.00053","0.002053","0.002102","0.017128","-0.047603",
"1739672309.881","2.77","-79.76","247.11","0.012902","0.000041","0.002419","0.002102","0.017128","-0.001802",
"1739672309.902","1.94","-79.65","247.92","0.010094","-0.000447","0.002297","0.002102",,,
"1739672309.903",,,,,,,,"0.001861","-0.001802",
"1739672309.924","2.66","-79.51","247.22","0.011437","0.000407","0.002419","-0.028433","-0.013407","-0.017069",
"1739672309.945","3.57",,,,,,,,,
"1739672309.946",,"-79.4","246.32","0.012292","0.00114","0.002908","-0.0437","-0.028674","0.013465",
"1739672309.967","4.74","-79.34","245.17","0.011559","0.001506","0.002419","-0.013165","-0.013407","-0.001802",
"1739672309.989","4.6","-79.18","245.31","0.010827","0.000041","0.003518","0.032636","0.001861","-0.001802",
"1739672310.01","4.21","-79.03","245.7","0.01339","-0.000081","0.003274","-0.028433","0.001861","-0.001802",
"1739672310.032","5.2","-79.12","244.72","0.011681","0.00053","0.002053","0.002102","0.017128","0.013465",
"1739672310.053","6.41","-79.09","243.53","0.010705","0.000652","0.002053","-0.013165","0.001861","-0.017069",
"1739672310.075","7.06","-78.96","242.89","0.010461","0.002361","0.003884","0.017369","0.017128","-0.001802",
"1739672310.096","7.93","-79.06",,,,,,,,
"1739672310.097",,,"242.05","0.013146","0.001018","0.001931","0.002102","0.001861","-0.047603",
"1739672310.118","7.89","-79.23","242.08","0.01217","-0.000081","0.0001","-0.028433","0.032395","-0.001802",
"1739672310.14","6.75","-79.2","243.2","0.010339","-0.001668","0.002541","0.002102","-0.013407","-0.017069",
"1739672310.161","6.53","-79.04","243.41","0.011681","0.000041","0.003762","0.032636","-0.028674","-0.001802",
"1739672310.183","7.29","-79.17","242.67","0.010217","0.001018","0.001077","0.032636","0.017128","-0.001802",
"1739672310.204","7.38","-79","242.59","0.010339",,,,,,
"1739672310.205",,,,,"0.000407","0.002663","0.017369","-0.013407","-0.032336",
"1739672310.226","6.23","-78.98","243.71","0.012658","-0.000569","0.002663","0.017369","0.017128","-0.017069",
"1739672310.247","5.82","-78.83",,,,,,,,
"1739672310.248",,,"244.11","0.011315","-0.000447","0.003884","0.002102","0.017128","-0.001802",
"1739672310.269","4.95","-78.74","244.96","0.011193","-0.002034","0.003762","0.002102","-0.043941","-0.017069",
"1739672310.291","3.83","-78.79","246.06","0.01217","-0.000447","0.002297","-0.028433","-0.013407","-0.062871",
"1739672310.312","3.75","-78.96","246.15","0.01278","-0.000081","0.001077","0.002102","0.001861","-0.078138",
"1739672310.334","2.57","-79","247.31","0.008508","-0.000813","0.001565","0.002102","0.001861","-0.032336",
"1739672310.355","3.76","-79","246.13","0.010705","0.000407","0.002053",,,,
"1739672310.356",,,,,,,"-0.013165","-0.028674","-0.001802",
"1739672310.377","4.39","-78.86","245.52","0.010949","0.001018","0.00303","-0.013165","-0.013407","-0.017069",
"1739672310.398","4.99",,,,,,,,,
"1739672310.399",,"-79.01","244.92","0.00985","0.00114","0.000466","0.032636","0.001861","0.028732",
"1739672310.42","5.33","-78.85","244.59","0.009728","0.00114","0.003762","0.032636","0.017128","-0.017069",
"1739672310.442","5.05","-79.02","244.87","0.010094","-0.000203","0.001077","0.047903","-0.013407","-0.001802",
"1739672310.463","3.99","-78.95","245.91","0.008874","-0.001302","0.002297","0.002102","0.032395","-0.001802",
"1739672310.485","2.8","-78.97","247.07","0.008752","-0.000935","0.001687","0.002102","0.032395","-0.047603",
"1739672310.506","2.83","-79.14","247.05","0.011803",,,,,,
"1739672310.507",,,,,"0.000041","-0.000388","-0.028433","0.001861","-0.017069",
"1739672310.528","1.61","-79.16","248.24","0.011559","-0.001057","0.002175","-0.013165","-0.013407","-0.001802",
"1739672310.55","1.8","-79","248.05","0.010461","0.000163","0.002419","-0.028433","-0.013407","0.013465",
"1739672310.571","1.86","-78.84","248","0.010461","0.000163","0.00303","0.017369","-0.013407","-0.001802",
"1739672310.593","0.83","-78.92","249.01","0.009728","-0.000203","0.001809","0.002102","0.001861","0.028732",
"1739672310.614","0.58","-78.77","249.25","0.010583","-0.000325","0.003274","0.032636","-0.013407",,
"1739672310.615",,,,,,,,,"-0.047603",
"1739672310.636","0.64","-78.93","249.2","0.013024","0.000041","0.002297","-0.013165","0.032395","-0.017069",
"1739672310.657","0.64","-78.77","249.19","0.014001","0.000041",,,,,
"1739672310.658",,,,,,"0.003518","0.017369","0.017128","-0.017069",
"1739672310.679","1.69","-78.7","248.17","0.014001","0.00114","0.003152","0.002102","-0.013407","0.013465",
"1739672310.7","2.85",,,,,,,,,
"1739672310.701",,"-78.72","247.03","0.011926","0.001506","0.002175","-0.013165","0.001861","-0.017069",
"1739672310.722","3.68","-78.84","246.21","0.010827","0.001262","0.001199","-0.013165","-0.043941","-0.001802",
"1739672310.744","3.39","-79","246.5","0.011803","-0.000447","0.000832","0.002102","0.001861","-0.001802",
"1739672310.765","2.33","-78.95","247.54","0.008263","-0.002766","0.002541","0.032636","-0.028674","-0.001802",
"1739672310.787","1.14","-78.96","248.71","0.008752","-0.000691","0.001687","0.093705","0.017128","-0.017069",
"1739672310.808","0.25","-79.08","249.58","0.005944",,,,,,
"1739672310.809",,,,,"-0.000813","0.000588","0.017369","0.047662","-0.047603",
"1739672310.83","1.12","-79.19","248.73","0.009728","0.000896","0.001199","0.002102","0.047662","-0.001802",
"1739672310.852","0.81","-79.04","249.03","0.009606","-0.000691","0.003884","-0.013165","-0.013407","-0.017069",
"1739672310.873","0.7","-78.89","249.14","0.00863","-0.000325","0.004495","-0.013165","-0.028674","-0.017069",
"1739672310.895","0.3","-78.74","249.54","0.010094","-0.000691","0.003396","-0.0437","-0.043941","-0.001802",
"1739672310.916","1.32","-78.67","248.53","0.013879","0.001384","0.003274","0.017369","-0.013407",,
"1739672310.917",,,,,,,,,"-0.017069",
"1739672310.938","2.49","-78.68","247.39","0.011803","0.000652","0.002297","0.032636","0.001861","-0.017069",
"1739672310.959","3.19","-78.56","246.7",,,,,,,
"1739672310.96",,,,"0.009972","0.001018","0.002786","0.017369","0.001861","0.013465",
"1739672310.981","2.98","-78.4","246.9","0.010217","-0.000081","0.00303","0.017369","0.047662","-0.001802",
"1739672311.003","2.75","-78.24","247.13","0.009972","-0.000325","0.003762","-0.028433","0.032395","-0.017069",
"1739672311.024","2.59","-78.41","247.29","0.013024","-0.000203","0.001321","0.002102","0.017128","-0.001802",
"1739672311.046","3.33","-78.54","246.57","0.011315","0.001262","0.001199","0.017369","0.001861","0.013465",
"1739672311.067","4.37","-78.46","245.54","0.012292","0.001628","0.002908","0.047903","-0.028674",,
"1739672311.068",,,,,,,,,"-0.062871",
"1739672311.089","4.67","-78.62","245.25","0.012048","0.000652","0.00071","0.06317","0.032395","-0.032336",
"1739672311.11","5.83","-78.62","244.12","0.010949",,,,,,
"1739672311.111",,,,,"0.00053","0.002175","0.047903","0.001861","-0.001802",
"1739672311.132","6.71","-78.72","243.26","0.00985","0.000896","0.001443","0.032636","0.017128","0.028732",
"1739672311.153","6.08",,,,,,,,,
"1739672311.154",,"-78.87","243.87","0.011681","-0.000935","0.001077","0.078438","0.001861","0.044",
"1739672311.175","6.1","-79.04","243.85","0.012902","0.000163","0.001321","0.032636","0.017128","-0.001802",
"1739672311.197","6.16","-78.88","243.8","0.010217","0.00053","0.003762","0.017369","0.001861","0.028732",
"1739672311.218","4.99","-78.87","244.95","0.00985","-0.000691","0.002053","0.032636","-0.028674",,
"1739672311.219",,,,,,,,,"0.013465",
"1739672311.24","4.06","-78.78","245.85","0.011193","-0.001179","0.00303","0.002102","-0.028674","-0.001802",
"1739672311.261","2.95",,,,,,,,,
"1739672311.262",,"-78.84","246.95","0.011681","-0.000935","0.002053","0.017369","0.001861","0.028732",
"1739672311.283","3.14","-79.01","246.77","0.010827","0.000407","0.000222","0.032636","0.001861","-0.017069",
"1739672311.305","3.81","-79.14","246.11","0.010827","0.000652","0.001443","0.002102","0.047662","-0.001802",
"1739672311.326","4.1","-78.99","245.82","0.009972","0.00114","0.00425","0.002102","0.001861","-0.032336",
"1739672311.348","3.27","-79.12","246.64","0.009606","-0.001912","0.000344","-0.013165","0.001861","-0.047603",
"1739672311.369","2.15","-79.19","247.73","0.010705","-0.000691","0.001809","0.017369","0.062929",,
"1739672311.37",,,,,,,,,"-0.017069",
"1739672311.391","2.55","-79.04","247.34","0.011437","0.00053","0.00303","0.032636","-0.013407","-0.032336",
"1739672311.412","3.37",,,,,,,,,
"1739672311.413",,"-78.92","246.54","0.013635","0.00175","0.003762","0.017369","0.001861","0.013465",
"1739672311.434","3.51","-78.77","246.4","0.011559","0.000774","0.004983","0.002102","-0.013407","-0.001802",
"1739672311.456","4.47","-78.86","245.45","0.010094","0.000652","0.001687","-0.013165","0.047662","-0.047603",
"1739672311.477","3.79","-78.73","246.13","0.010339","-0.000081","0.002297","0.017369","0.017128","-0.032336",
"1739672311.499","2.63","-78.73","247.26","0.009606","-0.001912","0.002053","0.047903","0.032395","-0.032336",
"1739672311.52","1.78","-78.85","248.1","0.010949","-0.001668",,,,,
"1739672311.521",,,,,,"0.000955","0.047903","-0.013407","-0.047603",
"1739672311.542","1.98","-79.02","247.91","0.00985","0.00053","-0.000632","0.002102","-0.013407","-0.001802",
"1739672311.563","1.83","-79.19",,,,,,,,
"1739672311.564",,,"248.05","0.011559","-0.000325","0.000222","0.017369","0.017128","-0.017069",
"1739672311.585","1.9","-79.36","247.98","0.011681","0.000163","0.000344","0.002102","-0.013407","-0.017069",
"1739672311.607","1.34","-79.22","248.53","0.008752","-0.000569","0.002541","0.002102","0.001861","0.028732",
"1739672311.628","0.88","-79.07","248.98","0.010094","-0.000691","0.003274","-0.028433","0.001861","0.059267",
"1739672311.65","0.66","-79.23","249.2","0.009606","-0.000081","0.001443","-0.013165","0.017128","0.028732",
"1739672311.671","0.86","-79.4","249","0.011315","0.000285",,,,,
"1739672311.672",,,,,,"0.000955","0.002102","0.017128","0.013465",
"1739672311.693","0.48","-79.56","249.37","0.010461","-0.000569","0.000588","-0.013165","0.017128","-0.001802",
"1739672311.714","0.77","-79.72",,,,,,,,
"1739672311.715",,,"249.09","0.010094","0.000285","0.000955","-0.013165","-0.013407","-0.001802",
"1739672311.736","0.52","-79.89","249.34","0.010705","-0.000691","-0.000754","0.032636","0.032395","0.013465",
"1739672311.758","0.96","-80.04","248.9","0.012292","0.000652","0.000832","-0.028433","0.001861","-0.017069",
"1739672311.779","1.27","-80.21","248.6","0.010583","0.000407","0.000588","0.002102","0.017128","-0.017069",
"1739672311.801","1.63","-80.05","248.24","0.011437","0.000652","0.003396","0.017369","0.001861","-0.001802",
"1739672311.822","0.32","-80.04","249.54","0.010705","-0.000935","0.001931","0.032636",,,
"1739672311.823",,,,,,,,"-0.013407","-0.017069",
"1739672311.844","-0.95","-80.1","250.79","0.010217","-0.000935","0.001565","0.032636","-0.013407","-0.032336",
"1739672311.866","-0.46","-80.25","250.3","0.011315","0.000774","0.000466","0.047903","-0.013407","-0.017069",
"1739672311.887","0.55","-80.37","249.31","0.011803","0.001018","0.001321","0.017369","-0.043941","-0.017069",
"1739672311.909","1.63","-80.47","248.24","0.012292","0.001628","0.001077","-0.013165","0.001861","-0.032336",
"1739672311.93","3.01","-80.46","246.88","0.010705","0.000407","0.001809","0.002102","0.001861","-0.017069",
"1739672311.952","4.39","-80.46","245.52","0.010461","0.000774","0.001687","-0.013165","0.032395","-0.032336",
"1739672311.973","4","-80.32","245.9","0.008263",,,,,,
"1739672311.974",,,,,"-0.000569","0.003274","0.017369","0.032395","-0.017069",
"1739672311.995","3.95","-80.48","245.96","0.008752","0.000041","0.000955","0.017369","0.001861","0.028732",
"1739672312.016","3.1",,,,,,,,,
"1739672312.017",,"-80.62","246.79","0.011437","-0.000935","0.000955","-0.028433","0.001861","-0.001802",
"1739672312.038","3.52","-80.78","246.37","0.010949","0.000407","0.000955","-0.013165","0.001861","0.028732",
